card_holder_name,cvv,expiration_date,creditcard_number,card_provider
John Blair,101,2009-02-24,3596043344373331,Matthew Johnson
Veronica Kelly,101,1986-04-11,4341824962604933,Jeremy Haney
Abigail Williamson,102,1984-10-30,4514705256556,Joy Holmes
Teresa Murray,102,1999-09-29,36140122324538,Edward Bowman
Bob Campbell,104,1988-10-10,213193210808388,Sara Mejia
Christopher Cox DDS,101,1980-08-10,371633197571747,Logan Cox
Matthew Fuentes,102,1996-06-02,4867340080585007,Gloria Montoya
Rachel Romero,103,2021-09-10,630458549643,Barbara Vasquez
Blake Wright,106,1977-02-01,5533537132782117,Samantha Bailey
Taylor Osborne,104,2011-12-13,373395243051243,Joseph Lucas
Susan Hill,104,2004-04-19,4435784291518997,Sarah Miller DVM
Carol Fisher,106,1975-06-26,4740513250818589,Gabriela Kaufman
Sandra Franco,101,2020-01-01,6011989990111294,Tina Harris
Stephen Forbes MD,102,2018-11-17,4841015296203469,Joe Jennings
Sara Perry,104,2008-05-20,2719491874254906,Angelica Jones
Allen Becker,103,1971-06-01,2719559041050744,Susan Hansen
Melissa Butler,106,2004-11-18,4938498404914503222,Paul Nelson
Danielle Christensen,101,1997-01-21,3512777810736858,Jesus Walters
Connie Orozco,104,2003-05-02,4260991554722,Maria Powell
Nathan Nolan,106,2012-04-21,3537913702032855,Kelsey Williams
James Willis,102,1974-09-20,4320533064178127,Stephanie Hess
Victoria Smith,101,2019-05-18,503864344760,Colleen Curtis
John Smith,101,2018-03-31,4663048399018955618,Leslie Garrison
Susan Johnson,102,1986-11-16,676174315298,Michael Bishop
Eric Whitaker,102,2007-12-06,5306914876793672,Charles Macdonald
Shawn Rhodes,106,2002-04-21,676266317244,Timothy Shaw
Mary Rivera,101,2017-12-09,3547730224789277,Christopher Jones
Anita Ochoa,104,1972-11-04,4107420117052,Shane Davis
Anita Saunders,103,2015-10-29,3590942702882906,Austin Strickland
Charles Adams,101,1973-01-10,676270637793,Michael Aguirre
Joseph Hernandez,102,1985-01-02,2266988005466546,Victoria Jones
Diana Weiss,104,2018-04-05,3514482002913294,Sarah Roberson
Brandy Myers,101,2008-04-17,4883728317383537,Grant Ray
Corey Rogers,106,2022-02-28,30594919222568,Jacqueline Perez
Mike Wright,102,1989-07-11,346262155799231,Michelle Hudson
Julie Smith,103,2014-09-15,180067209684209,Kevin Brown
Diane Gregory,102,1983-06-20,4676794084975013,Elizabeth Martinez
Daniel Austin,102,1980-11-10,346164759786194,Cassandra Ramirez
Gordon White,101,1971-09-23,3514211207488483,Jason Hood
Gregory Davila,104,1980-08-13,5566708154392065,Andrea Richards
Jamie Smith,104,1980-06-29,4211439689497,Benjamin Stone
Monica Sanchez,102,1991-03-06,4544329284193909,Jacqueline Edwards
Kimberly Harrison,102,1987-12-15,3552631554603926,Kathy Berry
Meghan Reed,104,1972-07-05,4196155867783,Daniel Peck
Devin Weber,102,1998-02-06,5516931932791686,Todd Turner
Natasha Murphy,101,2008-10-26,349129860126843,Andrew Davis
Brandon Bishop,101,2008-03-01,30148457610591,Samuel Davis
Robert Brown,101,2011-06-16,2227855587272394,James Conner
Kaylee Solis,104,2015-10-21,30431442309358,Rachel Mcdaniel
Michael Conway,106,1974-12-10,4460764695643227,Bianca Silva
Lance Stanley,102,1978-03-02,6011891450359407,Jason Bowman
Alexander Blankenship,106,2004-04-14,2226399196706410,Lisa Becker
Brian Adams,101,1975-12-27,4950552059517399846,Virginia Randall
Jennifer Lee,106,1987-09-09,5247751831017009,Dr. Drew Evans
Sara Rojas,103,2014-07-21,4358526816756534,Kimberly Mills
Cynthia Orr,106,2003-12-29,6011757610276833,Tamara Wagner
Carol Davis,101,2021-01-24,180064375782990,Brianna Zhang
Brandon Brown,101,1996-03-11,4240156670204686,Melanie Stevens
Joshua Hill,106,2023-04-15,6511069105098721,Mark Abbott
Kathleen Reeves,106,1976-01-08,379810926467270,Sally Johnson
Angela Rodriguez,101,1989-07-02,4497513038533881680,David Wagner
Tracy Gonzales,106,1996-06-14,60440641649,Kenneth Weaver
Carlos Warren,106,2013-09-20,630477282846,Douglas Hess
Sheri Holden,104,1970-06-02,4841395666557136953,Tammy Townsend
Steven Murillo,106,2008-01-18,373083750611522,Robert Higgins
Carlos Gonzales,104,1993-11-05,676187968521,Colleen Lopez
Nathaniel Gomez,103,1971-09-28,2646339499966412,Derek Sparks
Daniel Baird,106,1978-12-22,2296468526078561,Joseph Erickson
Lindsay Bowman,104,1979-03-02,4452949620060307475,Kristine Lewis
Daniel Lee,103,1998-10-10,3596883974097738,Susan Williams
Gregory Williamson,102,2009-05-05,4068248431888236439,Mr. Jason Brooks DDS
Elizabeth Lane,103,1974-03-21,4749094594929748,Sheri Robinson
Michael Johnson,106,1973-08-05,639072360501,David Williams
Carol Henderson,106,2023-08-21,36708999901982,William Brooks
Joseph Cross,106,2018-05-04,376152673051483,Shannon Todd
Gary Knox,102,1974-05-15,4505862958954963,Karen White
Michele Harris,103,1977-07-01,340042034584905,Kelly Hunt
Julie Atkinson,104,2007-11-29,3527570968496117,Timothy Lucas
Justin Roberts,101,2001-12-14,4523486137582517,Brandon Berry
Beverly Smith,103,1996-07-12,30373346082691,Russell Smith
Courtney Knight,106,1996-08-22,3569396735039686,Terri Turner
Laura Lowe,106,1977-02-13,372611248234407,Jason Reynolds
Tammy Santana,103,1993-12-20,3527645731616272,Jessica Galvan
Kelly Oneal,106,2008-01-25,4167365570971331222,Richard Torres
Benjamin Alexander,104,1988-02-27,371730889920255,Lynn Sanders
Daniel Allen,106,1977-12-06,3558010846614211,Samantha Randolph
Jerry Larson,106,2005-12-28,4079501995967283,Jerry White
Corey Rodriguez,101,1993-09-13,4347981206378354945,Jonathan Santana
Timothy Edwards,102,1970-12-14,2720210920649514,Kyle Brooks
Jesse Warner,104,1986-08-25,3520626374344767,Erin Jackson
David Massey,106,1985-01-19,4871329364806,Nancy Knapp
Kevin Farmer,103,2019-08-02,3508522704071699,Janice Black
Chris Bridges,101,1995-02-24,3544670899153776,Taylor Chambers
Sylvia Taylor,103,1986-10-30,3579240421968311,Jennifer Atkinson
Anna Bennett,103,1975-05-23,4240363185803719,Shawn Carr
Anthony Miller,102,2001-08-03,4151442156668405,Brian Allen
Holly Lane,102,1997-07-26,213149444202814,Caleb Harris
Mark Lewis,103,1993-06-24,676281884061,Nancy Howard DDS
Jesse Mathews,106,1986-10-23,343513248720268,Jacob Wilkinson
Amy Page,104,2014-01-22,3594438560547968,Victor Chandler III
James Flores,101,1980-12-11,4364778833930772009,Charles Acosta
Yesenia Smith,103,1989-10-13,377869498689127,Matthew Clark
Thomas Miller,101,1973-02-21,6501168815572447,Daniel Brown
Brian Newton,103,1989-08-12,5273428422243214,Lance King
Mariah Hanson,103,1986-01-18,180040789281324,Jesse Klein
Kathryn Quinn,104,2003-01-09,213180671743493,James Thompson
Amanda Scott,102,1985-11-16,502025091237,John Ellis
Travis Lyons,101,1976-01-03,501808024126,Heather Yang
Stephanie Hogan,103,2013-10-16,4852203278981049197,Susan Dawson
William Fleming,103,2012-06-07,3552058276775529,Corey Simmons
Adam Armstrong,101,2017-10-12,3527091312342865,Laura Pope
Anna Baker,104,2012-05-16,4159326100435262,Chad Lewis
Douglas Gardner,104,2010-02-01,4048732912213406,Lisa Snyder
Nathan Smith,106,1985-11-29,502052679250,Rebecca Shepherd
Becky Booth PhD,103,1980-10-30,30370180463524,Beverly Deleon
Mark David,106,2002-06-01,3567113177342953,Stephanie Williams DDS
Tiffany Carlson,103,2014-09-11,4244183048141172,Courtney West
Kevin Zimmerman,106,2007-07-28,180073621412682,John Jackson Jr.
David Collins,102,2016-12-12,676305493485,Edward Williams
Danny Moore,104,1990-09-13,3526673710914329,Carol Abbott
Robyn Miller,102,1982-10-16,4101991576040388888,Debra Wilson
Nicole Lewis,102,1973-05-03,6011841259524891,Amy Mcclain
Noah Alvarez,101,1974-11-06,340438300713717,Michael Johnson Jr.
Jennifer Nguyen,102,2019-12-08,4558292163515784193,Dale Stevenson
Carlos Wiggins,104,1996-11-08,379125932340852,David Jenkins
Ricky Acosta,103,1983-06-13,630415076524,Travis Tate
Lisa Gutierrez,104,1988-04-06,342072091289674,Steven Price
Thomas Robbins,101,2018-05-03,4759647193223,Joshua Smith
Jessica Smith,103,2007-08-16,675989730170,Logan Kennedy
Peter Bowen,106,2005-12-21,6547013452715444,Diana Joseph MD
Jonathan Jones,106,1999-04-08,213182294871784,Lawrence Hernandez
Andrea Weber,102,1980-04-04,4916658280168253,Jessica Cummings
Devin Hernandez,104,2023-09-04,4085145584808206748,Barry Pham
Robin Kelly,101,2005-09-28,4974110527533477916,Donna Stephens DDS
Jeremy Rodriguez,102,1992-05-11,3532493053018675,Vincent Colon
Katelyn Mason,104,2019-08-14,36220940484886,Manuel Galvan
John Nguyen,102,1998-11-07,6011782071475138,Jennifer Grant
Lauren Walsh,101,1985-10-01,4034488586113050797,Ryan Morales
Richard Wright,104,2004-03-18,4132132221246256978,Jasmine Fisher
James Baker,103,2024-04-12,60497771315,Mr. Paul Barker Jr.
Marc Bowers,103,1992-06-30,4850634851687755,Travis Shields
Andrew Shaffer,103,2016-03-21,4446054104105,Lance Valdez
Kimberly Jarvis,104,1982-05-13,30505556721241,Belinda Griffith
Tiffany Cabrera,104,2012-04-29,676320775791,Jessica Goodman
Colleen Ingram,106,1992-01-02,4104357322469157,Olivia Tapia
Joseph White,103,2010-03-17,4875766615644164915,Tracey Smith
Jeffrey Parker,101,1985-09-06,6011082141446726,Dorothy Brooks
Wendy Morrison,103,1986-09-30,3511434421809416,Kristen Cooper
Jamie Chandler,103,2022-03-19,4767477583963462,Timothy Smith
Karen Williams,101,2018-06-14,5262077291270262,Adam Turner
Steven Lewis,104,2009-01-30,3556562697392364,Kenneth Myers
Christopher Moss,104,1999-02-10,30265799486579,Jared Walton
Tammy Thomas MD,103,2014-08-01,3509565995189125,Christopher Thomas
Andrew Mcdowell MD,106,2019-11-15,3545459271103339,Mr. Ian Hart
Katherine Harrell,104,2021-03-17,5120755773196939,Sarah Smith
Hannah Johnson,101,2019-01-18,3556264121645174,Ms. Cheryl Mathis
Gabriel Huff,104,1971-03-07,3517422664511272,Casey Garcia
Joshua Jenkins,101,1985-12-02,2258708507877556,Melissa Baker
Stacy Dudley,101,2005-06-16,373114978106340,John Brown
Eric Parsons,106,1996-12-10,4429529789811174,Tyler Wood
Emma Schmidt,106,2002-02-26,2229126873068302,Brenda Marsh
Christine Anderson,103,2014-08-17,30475861858288,Adam Campbell
Jacob Duke,102,2024-04-03,180014860906166,Andrea Moore
Lisa Mcmillan,101,1982-02-02,6011781138309728,Leslie Bishop
Courtney Gonzales,101,2009-05-27,3576445732406884,Courtney Garrison
Emily Castillo,103,1997-06-30,4828119630770,Kelsey Ford
Larry Edwards,103,1999-02-22,3506213578648398,Joseph Munoz
Diana Robbins,102,1973-03-14,3574252985611489,Thomas Ross
Bruce Drake,103,1994-02-13,3548881927489712,Jason Lowe
Joshua Wilson,102,2017-12-24,4324768285545409,Ashley Collins
Eric Smith,101,1986-10-03,571923204242,Debra Jones
Crystal Rhodes,102,1993-08-05,4270405669898058696,Jennifer Moore
Sharon Santos,102,1973-08-31,4077695221148940,Mary Owens
Keith Dorsey,101,1980-01-22,4745303968904342597,Karla Moran
Amanda Barrett,101,1981-06-07,639005267971,Samuel Thomas
Stefanie Ballard,106,1992-09-18,30461459466486,Stephanie Harper
Edward Harris,104,2000-10-11,3532179874596672,William Marshall
Joshua Bennett,102,2002-01-08,6011139561460197,Darryl Holland
Arthur Cooper,103,2013-12-31,4361392754265,Kelsey Mccarty
Philip Howard,103,1988-08-17,6518141683326734,Leslie Hill
Benjamin White,104,2000-07-02,4054004480208478,Stephanie Gibbs
Cindy Cook,106,1973-04-02,370055877303145,Ernest Knox
Robert Barrera,102,1982-01-02,4731350326776034028,Cindy Mclean
David Harrell,103,2024-07-16,4869820211162246,Nicholas Adams
Richard Sanders Jr.,103,2020-01-21,3504725850735892,Dr. Danielle Marquez MD
Rebecca Blanchard,104,1993-12-07,6527812738423069,Hannah Romero
Angela Price,102,1987-07-16,3550293957850448,Kyle Williams
Rebecca Martinez,106,1971-06-28,2235919373593361,Tiffany Walker
Kim Avila,103,1974-08-02,180025593648982,Gregory Davis
Vanessa Edwards,103,1981-03-27,4576503047362,Erik Edwards
Angela Flores,104,1995-06-02,30093381912046,Duane Sloan
Tracy Young,103,1997-03-12,345023431292172,Harold Rodriguez
William Nash DDS,102,2010-12-28,4842317470329481505,George Kim
Sharon Ball,106,1989-07-07,180073541527817,Kayla Conley
Andrew Shaw,106,1993-06-07,4022300856507,Kristin Perez
Daniel White,101,2002-07-14,564825557411,Albert Smith
Aaron Thomas,104,1984-05-24,4072287395867870,Ricardo Bridges
Wendy Soto,103,1970-12-18,376350559564633,Jennifer Maynard
Cynthia Cook,102,1999-11-26,4481327138807034,Brian Rivera
Marie Miller,101,1995-10-21,3533797912370914,Cory Hansen
Donna Lopez,102,2013-02-14,3570979753924686,Kathryn Huynh
Laura Butler,103,2016-12-06,4297747777196063100,Grace Smith
Kimberly Burns,106,2016-07-04,2237742285372502,Kristi Johnson
Christina Thomas,101,1997-02-13,180012212373655,Donna Clark
Lauren Ward,104,1997-12-06,370611533602724,Brittany Bishop
Jill Jones,104,1981-05-05,4410709718423108,Curtis Johnston
Rebecca Wolf,102,2019-10-12,4490174395680,Alicia Collins
Kelsey Wang,104,1986-12-27,3508029165223942,Kristine Jackson
Theresa Phillips,106,2015-08-20,4389700750667,Anna Whitaker
Sarah Webster,103,1971-09-01,4879830161902150,Kyle Stone
Andrea Mccormick,102,1976-07-12,30361864260450,Belinda Howard
April Lowe,101,2002-04-28,3511929112313891,Carl Campbell
Patty Cole,101,2013-10-15,4389403203995910995,Kenneth Jones
Virginia Dorsey,106,1990-10-27,676393757312,Natalie Chavez
Valerie Williams,104,2008-12-23,6011100767002605,Keith Gallagher
Bonnie Warren,102,2001-12-03,378920079704238,James Ramos
Sheila Jensen,104,1970-11-16,3594814369759287,Tina Fisher
Joshua Malone,103,1980-02-29,4488776205249491,Kristi Salinas
Melinda Fisher,101,2000-02-13,4230181580122168,David Caldwell
Shaun Santos,106,1987-07-07,4568824994118569342,Patrick Russell
Crystal Sanchez,106,2004-06-02,3574969204749051,Nancy Peters
John Bennett,104,2023-07-27,180043880849965,Glenn Williams
Michael Stokes,103,2008-10-24,3599878750000697,Jennifer Nichols
Cassandra Clark,103,2013-10-02,4009202049620,William Powell
Christian Davis,106,2020-03-18,371946039425470,Lisa Ware
Brooke Thompson,103,1984-09-27,371239500380014,Joel Smith
Erin Welch,101,2012-11-01,30546145664047,Gregory Long
Tracy Church,104,2021-12-16,3594596405476832,Mary Harris
Marie Keller,103,1979-08-06,4797520847291,Tammie Cox
Stephen Richards,106,2014-06-14,180042392604991,Ashley Sanchez
Jerry Santana,103,2015-11-02,4644561213302610,David Fuentes
Jeffrey Carroll,104,1991-12-10,180073780158373,Brett Carey
Karen Brown,103,2010-06-26,570963336732,Dana Miller
Nicole Collins,103,2009-09-28,180086258636225,Hannah Williams
Jerry Hernandez,106,2022-07-28,2317307763818617,Donald Martin
Thomas Morrow,103,1978-11-12,30146991973319,Angela Rodriguez
Joseph Lawson,106,1992-11-20,4850571341075540,Paul Christian
Susan Valentine,104,1986-07-18,6011129764548146,Carl Sanchez
Andrew Anthony,101,2000-10-19,3516147952932770,John House
Barbara Cox,106,1995-03-31,4660569985528030,Susan Wilson
Derek Rogers,104,2011-01-06,3589515950003608,Wendy Moore
Dr. Natalie Winters,104,1995-04-11,4492612168574365,Allison Frazier
Jay Johnson,103,1995-03-17,180058439020132,Christopher Deleon
Michelle Barton,103,1979-10-14,4445770040826353135,Sarah Robinson
Kendra May,104,2001-01-30,4149588248550,Daniel Johnston
David Simmons,102,2000-03-02,6561030589407555,Tyler Casey
Thomas Jones,101,1994-07-01,30297818560688,Tammy Smith
Eric Little,101,1985-02-20,180062278928504,Carrie Watts
Aimee Berger,103,1977-08-03,4477764300258628,Katrina Carney
Melissa Garcia,104,2014-08-15,36641925136490,Chloe Diaz
Elizabeth Odonnell,103,1993-12-18,3550052009114231,James Johnson
Danielle Watson,103,2016-10-29,342344432666047,Kelly Cunningham
Steve Stevens,101,1984-12-25,4349863643735916,Teresa Bush
Lisa Harris,101,2016-08-09,3598518381989014,James Johnson
Alicia Mendez,102,1977-10-18,346930055768528,Jason Harris
Ronald Vargas,104,2011-12-18,4021590600606365976,John Warren
Patrick Clark,106,2016-10-29,4406876973077543,Theresa Benitez
Vanessa Morton,104,1996-06-22,4373393075738420490,Julia Garrison
Mathew Moore,103,2023-04-01,4866772470593335,Jessica Cruz
Erin Woods,103,2004-03-13,4257181222310153,Amber Mullins
Jane Garcia,102,2015-11-01,4551663445486654026,Elizabeth Martin
James Lewis DVM,101,2018-08-06,4305290892944365,Jennifer Waters
Brandon Schroeder,106,1990-03-26,4046280549206575496,Daniel Campbell
Monique Phillips,104,2011-05-08,344934570220264,Erika Moore
Robert Stephenson,103,1985-09-29,371525854971121,Joyce Duncan
Jason Ramos,104,1989-03-14,4602630272767383,Andrew Christian
James Rivas,102,2024-09-24,3571167954727061,Erika Scott
Ashley Powers,103,2000-11-08,5559878225328197,Matthew Lee
Joshua Gray,102,2008-05-27,4443121634089404,Helen Wilson
Travis Spencer,101,2016-05-10,4583968677342151,Brian Moss
Savannah Nelson,101,2023-05-26,377832040734122,John Peters
James Booth,103,1982-08-19,3593536214031759,Kenneth Martin
Brittany Cervantes,106,2016-02-27,2719121554451155,Mark Miller
Scott Boyd,101,2001-11-04,4091079030750,Emily Poole
Ricardo Holmes,106,2015-08-28,676282474375,Heather Moon
Aaron Leon,104,1978-03-26,3584302246702151,Patricia Davis
Johnny Strickland,104,1975-10-18,4409301472402,Sherry Stone
Denise Rodriguez,102,1979-07-10,2238061912218759,Brent Glass
Aaron Goodwin,103,2024-03-03,4384526954624044092,Tyler Christensen
Miss Sandra Stafford,104,2018-10-31,6539224286344885,Elizabeth Garcia
Cody Jones,104,2000-10-27,588768747952,Wanda Farmer
Richard Hamilton,101,1993-08-03,36774618830796,Timothy Patel
Robin Browning,102,2016-09-02,3550390854045005,Brandi Wilkerson
Joshua Moody,103,2002-01-15,6529418296260733,Nicole Myers
Megan White,101,1973-06-12,6547226605150620,Stephen Smith
Darryl Chavez,104,2010-05-20,30477718391331,Daniel Davis
Nicole White,103,1990-07-27,6011774223602511,Ashley Hamilton
Luke Jackson,104,1997-11-19,4359291947950675,Luis Parker
Lauren Bennett,103,1971-09-27,6582601146463771,Karen Wallace
Mr. Eric Turner,106,2015-07-19,213156537726054,Patrick Moore
Kathryn Flores,103,1984-11-01,4030405138135584,Calvin Lynn
John Green,102,2015-01-07,4872602428886261000,Ian Stephens
Lisa Potts MD,102,1992-05-21,4899371825666146842,Rachel Schwartz
David Castro,103,1975-09-30,4040478840527867,Robert Rose
Mark Ramirez,106,2012-11-27,4592368493285065,Matthew Lewis
Melissa Webb,104,2011-01-17,180023974879425,Angela Taylor
Kayla Hammond,103,1999-10-24,3576978781687350,Sarah Frank
Melissa Lane,101,2003-10-31,3558822305286194,Dr. Natalie Sanders
Sarah Jones,103,1979-03-23,4854481358278948399,Antonio Scott
Marie Casey,106,2013-05-21,3501280497062907,Charles Hall
Monica Spencer,106,2006-11-13,4342151974234331820,Michael Monroe
Kimberly Robertson,101,2012-10-19,3513041731904189,Debra Johnson
Megan Yu,104,1988-08-22,501820649405,Melissa Phillips
Brittany Taylor,106,1999-06-03,30489777627950,Paula Baxter
Timothy Skinner,101,1982-09-12,370480271378305,Chelsea Rubio
Kelly Curry,103,1988-06-18,4015738833113384,Susan Fernandez
Alexander Taylor,101,1997-08-20,2276551372500798,Jackson Rhodes
Todd Lopez,103,2003-10-09,3580842185661037,Mr. Randy Martinez
George Kelly,104,1996-06-02,2250339621949184,Ryan Tran
Donna Garcia,106,2001-06-11,4869147753517300,Troy Oneal
Andres Rosales,101,2013-02-23,4760152132350095297,Monica Smith
Vincent Jackson,101,2011-01-29,630455322283,Scott Aguilar
Michael Underwood,103,1977-02-12,345852486737701,John Moreno
Terry Gonzalez,101,1976-01-28,4441421486568453843,Vanessa Clarke
Stephanie Lee,104,1999-09-24,30437130988585,Sarah Gibbs
Jason Davidson,102,2002-11-15,6589485325316726,Brianna Wilson
Patricia Mitchell,102,2001-07-28,4506481093479427168,Alison Rodriguez
Jamie Wood,101,1991-06-07,3535881245782769,Cory Jones
Joseph Kim,102,1972-10-19,30443855127128,Adam Long
Dawn Graves,104,1992-04-20,213155266544738,Mr. Dennis Rubio
Linda Guerra,102,2012-06-02,4794716347024575,Margaret Bond
Randy Lopez,102,1975-01-06,4428833588376020,Brian Roach
Thomas Gibson,103,1975-04-26,4313143693783732,Melissa Burch
Tyler Boyd,104,2010-05-06,4412773966763336666,Jeremy Patrick
Ryan Lyons,103,2011-10-16,4159894078401,Sheila Alvarez
Jason Holmes,101,2014-04-14,373686067881917,Mr. Billy Gibson
James Walker,103,2006-06-26,30307239323192,Lisa Frank
Julia Weaver,101,1984-05-22,180006735455163,Rebekah Malone
Nicholas Wells,101,1990-11-29,213180053722487,Christopher Williams
Laura Miller,106,1989-03-07,3577581097608471,Kristen Parker
Olivia Shaffer,103,2020-08-08,377321466717852,Brandon Smith
John Marshall,101,2005-08-21,4656619547461,Michelle Nguyen
Debra Shea,102,2015-05-28,3551278431969350,Allen Bennett
Kyle Shelton,106,1973-07-28,180069676304998,Natalie Barnes
Brenda Rosales,102,1995-03-08,372521371039491,Holly Hampton
Maria Allen,103,2010-09-28,5569437650396589,Karen Reynolds
Paul Luna,102,1994-09-18,30128880456580,David Wilson
Crystal Mcbride,103,2011-01-29,4893859447611,Christine Castillo
Amy Nicholson,102,2005-07-05,30466769795029,Jessica Fisher
Edward Saunders,101,2022-03-18,2627731165948059,Doris Archer
Erin Farmer,102,2017-03-28,2705077083884652,Jared Rodriguez
Amber Foster,103,2022-07-11,213196343123542,Cynthia Scott
Edwin Harrison,106,1995-12-08,213123312024683,Melissa Johnson
Melissa Jackson,101,1984-12-01,4518687080827844,Joshua Chapman
Samuel Lester,103,2003-11-21,36847064996285,Blake Hess
Matthew Thomas,101,2022-07-11,38900778970746,Loretta Garrett
Matthew Lindsey,103,1980-09-23,4129595337356825,Aaron Wagner
Robin Luna,102,2016-06-26,4796347527460096,Cassandra Walton
Craig Jones,103,1999-09-05,4261344778112167,William Smith
Erica Jones,102,1998-05-01,675959125914,Carrie Case
Michael Stevens,104,2020-10-01,213109471276602,Heather Best
James Thomas,102,1973-10-18,4459439067991446,Valerie Smith
Erica Adams,106,1975-04-10,3525057288799224,Christy Ward
Jennifer Clark,106,1974-10-30,3505289860940207,Tina Williams
Keith French,104,1978-10-07,4045859818917,Mariah Ayala
Victoria Hall,104,2018-03-21,2694990012604285,Timothy Anderson
Emily Conley DDS,102,1973-05-14,502067628219,Vanessa Andrews
Miss Janet Ruiz DDS,106,1994-06-11,180064349006849,Nicole Fleming
Veronica Henry,106,2011-06-20,5314014322238602,Susan Summers
Courtney Moore,106,1980-03-07,4721335983125,Kenneth Carter
Jane Marsh,101,1980-03-05,676220301870,Tammy Carey
Lisa Ward,106,1978-07-30,6521177227125310,Jeremy Watson
Christine Mcfarland,102,1973-04-23,340130975401492,Brett Wyatt
Timothy Evans,103,1970-06-28,2255848579877283,James Jenkins
Harold Boyer,103,1998-08-08,4831936865155965154,April Elliott
Eric Gaines,101,1984-01-24,4878443683938230706,Lisa Meyers
Vernon Sanchez,102,1976-09-10,4242568444961292,Larry Benitez
Jessica Thomas,104,1996-02-20,30367419024283,Amanda Thompson
Tammy Johnson,106,2024-09-15,3563326820938092,Robert Castillo
Peter Terry,101,2018-09-23,30241453266243,Donna Valencia
Lisa Hanson,106,2014-11-14,563210304025,Tara Pratt
Mr. Frederick Cook,102,1991-09-04,4356077345365894,Tanya Blanchard
Chase Warren,101,1972-03-30,4430557349847,Heather Nixon
Kevin Roberts,103,1982-12-24,30312426059351,Rachel Anderson
Amanda Roman,102,1988-05-04,5421399661593414,Joshua Barber
Hannah Simon,106,2023-05-31,4926978505380519,Christine Brown
Linda Hodges,106,2008-02-16,6011254916294397,Anthony Baker
Frank Swanson,103,2006-07-30,3584155103082806,Lisa Davenport
Mr. Matthew Johnson,104,2011-08-28,4075039819737716445,Tammy Kemp
Debra Owen,106,1982-08-16,3540084714987505,Cory Taylor
Michael Robinson,101,2014-01-25,6011144389195546,Frank Simmons
Curtis Long,106,1990-03-07,2244945829214236,Paul Glenn
Clarence Gonzalez,101,2013-09-02,213140494215822,Valerie Johnson
Patrick Flowers,106,1985-03-10,4460638836660,Debra Chan
Alexandra Simmons,104,1995-02-20,376138615108721,Todd Avery
Jessica Jones,102,1989-11-18,6546516548277618,Allison Graves
Nichole Khan,101,2006-04-18,30552012516898,John Kim
Ashley Massey,102,2015-06-27,6011995440372113,Scott Hernandez
Kenneth Gallagher,102,1994-11-30,2703839735210418,Sarah Rodriguez
Daniel Jenkins,103,1977-11-27,4880809541303421728,Patrick Schneider
Jonathan Miller,104,1988-08-17,4197795837786557,Robert Miller
Richard Hatfield,101,2014-01-17,378182073610628,Danielle Simpson
Sandra Hester,104,2020-12-17,4437636125387,James Gilbert
Mary Strong,101,1993-02-09,4995999682047,Alexandra Myers
Lisa Downs,102,1997-10-28,2255017095133056,Mr. Gregory Perry
Jorge Maxwell,102,1993-09-13,4701811257673,Ashley Gates
Jake Smith,106,1982-01-20,3545553009001144,Kelly Robles
Jared Lopez,106,1976-02-25,6546586171108307,Adam Mills
Phillip Jackson,103,1992-06-09,4355228148678428,Harold Brown DVM
Mark Ortiz,103,2013-03-04,345065412911957,Raymond Coleman
Richard Burns,103,2015-05-26,4391730636591613,Brittany Petersen
Jesse Wilkerson,102,2000-05-16,213185657983732,Vanessa Miller
Wesley Leblanc,106,2008-03-13,3503197370515272,Ronald Patterson
Zachary Cooper,106,2006-11-24,3512943140966017,Joshua Brown
Brian Smith,103,2023-02-21,4212247210925347218,Kathleen Haley
Clarence Melendez,103,1998-10-24,4637994310920597,Mrs. Elizabeth Vargas MD
Michelle Rocha,106,2019-07-18,30291378760093,Ricky Rivera
Tony Brown,106,2004-10-04,3521241947149674,Keith Hunter
Susan Pierce,101,1976-10-07,4849717571232,Karen Weeks
Gwendolyn Schneider,103,1998-12-13,3557138732480917,Benjamin Moody
David Brown,101,2016-06-17,4443236183536801,Michael Davis
Shari Leon,106,2000-04-14,213175582670330,Marissa Hernandez
Steven Carrillo,103,2023-07-12,3542946379099982,Natalie Dunn
Taylor Martinez,104,1984-09-18,3524478711020122,James Lynch
Jordan Wood,101,2016-07-09,4112627920944,Anthony Shepherd
Michelle Jones,102,1994-06-28,4182516583669640,Brian Eaton
Isabel Hunt,106,2020-12-28,3546954961202762,Bryan Richardson
Justin Contreras,104,1987-02-13,4635672783955798464,Danielle Grant
Miss Natasha Anderson,101,2003-05-29,3518891812228444,William Hall
Cynthia Navarro,104,2004-09-10,4975525415769547196,Anna Jimenez
Kimberly May,101,1978-04-03,6554027849039391,Ryan Santiago
Mr. Richard Bentley DVM,102,2024-02-09,4748694304569,Elizabeth Chandler
Jonathan Davis,103,1986-06-16,6011959760416595,Joseph Conway
Anthony Potts,106,1972-05-07,3541869102594767,Vanessa Hawkins
Jaime Walters,104,1992-10-29,213158584691405,Michael Hart
Javier Conrad,106,1976-08-04,4546610861902814,Patrick Love
Paul Perry,106,1971-04-17,6571657682325785,David Smith
Jason Hood,106,2005-07-05,2693533835409416,Margaret Valencia
Michael Oneill,101,1983-11-26,6527810516365601,Michael Bush
David Parker,106,1975-09-21,4924998617622,Anthony Davidson
Deborah Logan,106,2008-04-24,2377771422061686,Kathryn Nguyen
Michael Robertson,103,1994-08-08,3505383419006816,Erin Graves
Lee Garcia,103,1997-05-05,2264515549892317,Paul Burke
Kathy Johnson,104,2009-08-27,3557540516403454,Leslie Wright
Cynthia Martinez,106,2016-11-24,379459693493307,John Ponce
Victoria Oliver,101,2023-09-24,6593950487403228,Maria Kaiser
Anthony Garner,102,2015-08-18,3516842982084036,Jacob Singleton
Jason Williams,102,2009-04-04,3545231873506973,Tyler White
Danny Sullivan,101,1999-02-11,3532933078902601,Alyssa Murray
Jimmy Roberts,106,2000-12-08,3578037585624180,Angela Garcia
Tracy Schmidt,104,1982-07-14,575084358457,Richard Long
Mrs. Diana Snyder,104,1998-06-12,349919132154197,Christopher Hoover
Edward Jefferson,104,1983-09-09,30546834908531,Mr. William Cabrera
Carlos Burns,104,2001-02-10,4683489943976,Samuel Green
Kyle Young,103,1971-10-14,4007424618274390,Jessica Espinoza
Thomas Peck,102,2006-08-25,4343689050703339997,Tracy White
Bethany Smith,103,1977-01-04,4634823702789888599,William Smith
Michele Benitez,106,2001-12-23,4029959202554602,Christopher Wilson
Lauren Harper,102,2016-11-24,3595827667137187,Erika Goodman
Ryan Delgado,102,2022-10-12,3537843000421080,Jeff Young
Grant Smith,104,1970-05-22,4261162053614958,Monique Archer
Lori Baker,106,1998-03-06,3539511818529885,Bobby Brown
Meredith Armstrong,101,2004-11-30,180001646247734,Michael Martin
Ann Smith DDS,103,1985-03-03,4148415470092428504,Jessica Freeman
Shane Mcmillan,106,2015-03-12,3550490096995197,Stephanie Cross
Alexander Boyd,106,1996-10-10,6011731319059287,Elizabeth Jones
Kelsey Gonzalez,106,1997-02-13,180022516003619,Christopher Chang
Howard Melendez,106,2012-12-03,30568832591127,Phyllis Chavez
Joseph Davis,103,1970-07-14,3527193329096581,Christopher Ramirez
Maria Smith,104,2004-05-23,3579247026197931,Nicole David
Scott Peters,102,1994-08-20,3514020742579718,Nancy Alvarez
Richard Warren,106,2009-03-07,4822721143118148,Nicholas Miller
Christina Humphrey,103,1983-11-21,180063365327428,Jennifer Phillips
Wayne Tucker,106,2023-09-09,30375252754379,Amanda Bailey
Mr. John Bray MD,102,2010-01-30,6011574855928352,Charles Johnson
Kerri Walker,102,1996-08-10,6011533079060129,Diane Jones
Jason Wallace MD,101,1998-01-07,501862850150,Jesus Price
Jennifer Robinson,102,2009-04-21,38866548288075,Mary Walker
Justin Morgan,101,2009-01-26,6542610940367152,Antonio Payne
John Marsh,101,2004-06-23,30416429534383,Jasmine Scott
Tina Rasmussen,103,2016-08-10,4991328177110374,Whitney Richards
Stephanie Beck,104,1975-03-10,341957962078225,Vanessa Moore
Louis Fernandez,106,1988-11-25,30044026190423,Larry Sanchez
Amy Duffy,102,1977-01-19,4456338235783599,James Daniels
Stephanie Reynolds,104,1984-11-26,583006131572,Joel Wong
Tanya Barnes,104,2002-08-03,4011978670701628,Abigail Russo
Patricia Potter,103,1980-03-21,2237449548740885,Patricia Gregory
Randall Johnson,106,2021-10-17,4220911283745,Mary White
Annette Thomas,101,2007-03-02,180010456946269,Victor Fields
Jeffrey Cooley,101,2015-11-06,344911500166908,Jillian Cooper
Nicole Lopez,103,1990-02-04,4906119239474211,Joy Walter
Katherine Sherman,103,2020-12-23,4962911732103144,Mathew Lee
Cody Bright,101,1997-06-28,4793711855122314514,Edward Lutz
Debra Miller,102,2018-09-11,4713594873220843060,Allison Mayer
Kristen Sullivan,103,2020-04-22,5284741171148187,Wanda Davis
Caitlin Gutierrez,106,1977-03-19,3567399552906930,David Larson
Benjamin Lopez,106,1999-11-16,30127125528237,Grace Guerra
Michael Garcia,103,1970-07-28,2539805888077177,Lisa Snyder
Lisa Estrada,102,2002-05-12,2267180373028830,Michelle Morris
Maria Zavala,103,2014-03-08,501845777033,Matthew Hayden
Joshua Robinson,101,2019-02-04,2454205911456095,Brett Fernandez
Shelley Wilson,106,1972-01-21,4264467017057,Susan Turner
Michael Mcfarland,103,2013-07-20,30359987602954,Austin King
Jonathan Clark,102,1985-10-25,4641160203522076879,Kaitlyn Andrade
Vanessa Carpenter,104,2014-12-22,30519271538848,Phyllis Torres
Michael Evans,104,2004-02-03,4217273933004016,Kerri Rivera
Michael Clark,104,1975-04-01,5531558196231645,Frances Horton
Julie Kane,106,2017-04-14,30435051129866,Ian Johnson
Paul Mendoza,103,1977-12-31,30498582263182,Christine Craig
Melissa Anderson,103,2002-03-15,180040476114812,Todd Ortiz
Shane Pena,101,2007-01-27,6531209421715345,Felicia Barton
Cameron Wolf,101,2022-05-24,6559589883714911,Russell Berry
Carolyn Davis,102,1982-10-30,577012693732,Brooke Ware
Jasmine Barry,104,1985-09-26,6505553382501406,Michael Beard
Amanda Jones,101,1984-03-03,2277087619892754,Katie King
Dana Spencer,106,2021-05-09,4923166385188508,David Osborne
Jasmine Garcia,106,1973-09-26,4582637297802743,Victoria Watson
Anthony Smith,101,2014-03-02,2298861575355153,April Giles
Selena Wade,103,2017-07-31,4084576983731039922,Michael Kennedy
Angela Jackson,106,1980-10-12,3587547476743716,Angela Day
Ryan Brewer,104,1992-05-12,3533905613891118,Shawn Ho
Kari Evans,103,1973-01-31,30579314696623,Amanda Becker
Elizabeth Hodges,106,2021-09-25,4905332732779728,Veronica Long
Jennifer Wyatt,103,1977-01-13,4052972830688544,Patricia Burton
Jason Roman,102,1980-08-28,503897585330,Dennis Olson
Lauren Berger,104,2009-12-28,630481503898,Noah Watson
Alan Reynolds,103,2011-05-06,3555353300609738,Patricia Roberts
Sharon Herrera,104,2020-01-02,3551415333737341,Brandi Marsh
Amy Hubbard,101,2023-03-20,213161565982488,Isaiah Hubbard
Lynn Crawford,104,2017-01-19,6011510355320880,Rebecca James
Alexander Allen,103,2020-03-31,4838968288318939543,Stanley Pearson
Deborah Daniels,104,1972-02-13,4407524062679,Whitney Collins
Isabel Wilson,106,2011-09-20,5443419331776316,Kimberly Barnett
Thomas Johnson,101,1976-08-08,348538214466096,Steven Diaz
Lindsay Howard,102,2020-09-17,564477604974,Gabriella Martin
Veronica Powell,106,1983-08-18,4278554754380,Traci Lewis
Maxwell Smith MD,103,2014-01-25,213180275687302,Kyle Wright
Kelly Paul,101,1996-02-15,4637489409277959,Patricia Parker
Paula Knight,102,2015-11-01,4243781616476946132,Linda Jones
Chad Wright,103,1970-09-05,30563257787680,Lauren Jimenez MD
Michael Morrison,104,1970-10-20,3518333930081397,Jeffrey Kirby
Debra King DDS,103,1993-12-21,3557766647463808,Kim Carr
Briana Lowe,103,2000-04-27,4388545435213044,Terry Perry
Terry Terry,106,1994-09-26,3513216772932253,Christine Hill
Amanda Roberts,102,2008-03-23,30397589971336,Vanessa Chang
Justin Diaz,103,1980-12-13,374608181158328,Christine Webb
Kevin Carson,103,2023-02-18,6011472666917690,Ann Moore
Kimberly Morrow,101,1975-07-08,38670852752134,John Ellis
Caitlin Howell,103,1978-01-17,3539535692624538,Tyler Houston
Michael Miller,103,1995-01-28,3506244032534452,Stephanie Mcbride
Jack Perkins,101,1983-09-07,348225567925320,Bobby Solis
Ashley Turner,101,2000-11-17,180011227135075,Angela Meyer
Henry Brown,106,1971-03-10,3597235114566677,Kimberly Evans
Lynn Parker,103,2015-07-12,180012580415450,Suzanne Buckley
Roberto Franklin,102,1989-08-27,501853138391,Dr. Michael Hopkins
Melissa Richardson,102,1970-02-20,3582967596828343,Rodney Richardson
Angela Joseph,106,2021-07-29,4495247373357731,Julia Poole
Joshua Atkinson,101,2022-06-02,30160585087246,Holly Thompson
Kyle Briggs,106,2007-07-22,377339104337982,Keith Taylor
Randy Owens,103,2000-02-15,4839953170866635,Jamie Stevens
Joe Bates DDS,103,2009-02-23,3515682520641694,Heather Chavez
Wanda Cross,103,1998-03-22,38291227091270,Ryan Gomez
David Taylor,103,2013-03-16,2268221894783401,Roger Ford
David Smith,102,1985-04-28,4491370983685947,Garrett Jackson
Rodney Thomas,103,2013-07-05,4548967694051989,Pamela Bowers
Emily Cobb,106,1975-06-16,379386477191726,Jason Smith
Logan Taylor,103,2014-07-01,4538687799730384,Deborah Johnson
Alejandro Perez,104,1992-11-08,4134924846680074,Elizabeth Berger
Lisa Hernandez,102,1998-08-10,4492787739464460754,Dr. Travis Ellis
Barbara Lopez,104,1994-09-03,5159305429212831,Karen Morgan
Tiffany Yates,101,1977-07-01,38836807772028,Joshua Cardenas
Angela Lutz,102,1976-05-01,6011970032011296,Stephen Gonzales
Susan Harris,101,2018-07-12,3590511165132107,Amber Jones
Megan Parker,106,2008-10-14,2280333076303769,Isabel Cooke DDS
Dale Charles,102,2009-05-20,376408752689209,Rachel Thomas
David Campbell,104,2003-04-30,2239195029362305,Dr. Rhonda Peters DVM
Jonathan Doyle,103,2016-11-13,4986066316683607,Jason Lang
John Sharp,103,2012-07-24,4884771076376481,Dana Hartman
Jeremy Walker,101,2021-07-22,4653490943775614,Breanna Walker
Tara Kelly,102,2006-05-27,639078971004,Anna Macias
Taylor Nelson,102,1975-07-06,6561747805452186,Blake Jones
Joy Adams,103,1991-06-18,180032503873429,Kimberly Moody
Stanley Bryant,103,1994-02-19,3502787190985050,Victoria Sims
Jose Smith,101,2013-02-20,4872693470785313854,Corey Thomas
Meghan Rios,101,2000-10-11,4647826191350908,Joseph Sanchez
Kimberly Sherman,106,1999-01-16,676376148026,Leslie Cole
Rachel Holt,106,2013-04-14,213101150195195,Joshua Garrett
Dan Stokes,106,2006-04-25,3557328548652334,Gregory Rivera
Michele Munoz,104,1978-06-19,4132262386033665,Mr. Collin Malone
Gary Williams,104,1977-03-07,3560054381633471,Chelsey Morton
Jeanne Ramsey,101,1993-08-26,4187199296184838,Ruben Woods
Crystal Cunningham,106,2018-08-30,3535372535718267,Jordan Martin
Mrs. Jennifer Payne MD,103,1981-05-17,30555252754236,Thomas Mendoza
Martin Gray,103,1988-12-04,213169136458201,Jeremiah Ingram
Manuel Cunningham,101,1986-06-16,4911709922513516,Henry Fowler
Barbara Rodriguez,101,2011-08-31,4211048109507,Amber Perkins
Rachel Bauer,102,1982-09-16,4036450826275290362,Janet Riley
Alejandro Huerta,106,1982-12-14,347157237159173,Crystal Mckee
Amber Bolton,101,2006-11-19,501858882589,Molly Jones
Amy Reed,102,2002-09-07,3528767819979866,Kayla Figueroa
Zachary Warren,106,1996-02-10,3580296398173829,Christopher Castro
Tanya Williams,103,1973-12-28,3588203550385730,Terry Johnson
Alexandra Webster,106,1994-03-23,3502651196844069,Jonathan Ware
Brett Patel,102,2010-10-29,639029820490,David Castillo
Joseph Middleton,106,1985-07-16,3581881016965141,Susan Boyd
Cassandra Bolton,102,1990-10-29,4272153778893248,Sheryl Murray
John Booth,106,1992-07-28,180046063432632,Mary Blankenship
Angela Smith,101,2005-03-16,6011570128116015,Geoffrey Ramirez
William Smith,106,1981-03-18,5575089610997907,Nathaniel Ortiz
Gail Ewing,102,1994-04-30,340956697460626,Sandra Baker
Leslie Mckinney,101,1988-09-28,180058685445538,Sergio Conway
Katrina Pratt,101,2003-03-25,4859368140065884,Gail Smith
Robert Hall,104,1989-06-10,4048437966319006,Michael West
Anthony Wong,102,1996-04-19,4373229277226235,Rachel Johnson
Julie Rogers,101,2006-12-09,2275042385209271,Morgan Garcia
Sara Crane,103,2014-07-17,3561222314186946,Matthew Russell
Terry Meyers,102,1980-08-04,180024456788241,Robin Clark
Scott Rios,106,1999-09-14,4267380593385,Helen Gonzalez
Edward Johnson,104,1975-11-10,4580455787449416162,Mr. Brian Holland
April Proctor,101,1972-05-09,36437438961106,Melissa Davis
Lawrence Cole,102,1998-07-01,343258964238638,Russell Peterson
Rhonda Schmitt,102,1976-09-16,4784947746046222,Gabrielle Allen
Kaitlyn Aguilar,102,2002-05-09,4295138794493308,Francisco Green
Shannon Hill,104,2020-05-12,4675425357931,Nathan Brown
Jeffrey Patton,102,2017-07-30,30300618497190,Paul Hernandez
Mr. Thomas Castillo,106,2006-03-25,213128202038685,Tiffany Evans
Christopher Morgan,104,2024-09-17,676196016189,Justin Mcknight
Roger Reyes,106,2010-01-22,36361146233964,Trevor Daniel
Terri Duncan,103,1970-12-03,6011791245557689,Jasmine Wyatt
Richard Ho,101,1990-06-27,4588325137072016,Tracy Bowers
Kayla Sanchez,101,2020-10-08,572805392626,Christopher Atkins
Evan Washington,102,1985-03-21,213139124838128,Kelly Hoover
Brandon Sims,106,1999-02-18,30462498487376,Glenn Black
Timothy Cameron,103,1993-11-11,3530980545464881,Susan Pham
James Carter,102,1980-11-04,4232873212018329953,Joshua Rodriguez Jr.
Anthony Anderson,103,2006-04-28,4773489373412130543,Mr. John Anderson
Kimberly Morgan,104,1986-11-13,379808917474537,Lauren Jones
Bruce Martin,106,1995-01-16,502012773318,Andrea Coleman
Jacqueline Jimenez,103,2001-09-13,3597203209326712,Joe Warren
Jesse Cruz,103,2015-05-19,6511065196785622,Joy Nichols
Kara Hurley,102,2005-07-17,213107366619183,Amy Wilson
James Pugh,103,1976-04-08,3556547890662366,Brooke Cantrell
Caitlin Olson,106,2022-04-07,4499049850444248,Daniel Parker
Jaclyn Murray PhD,101,1996-12-10,2265330614007091,David Chapman
Victoria Willis,102,1989-09-17,213126567311218,Jesus Stewart
Frederick Page,102,1984-08-10,371918739294696,Nicholas Carey
David Harper,102,2008-02-17,4710350537544950246,Thomas Brewer
Darlene Hill,101,2006-01-17,3555653133524826,Sydney Smith
Carlos Norton,101,2018-09-12,4827803859729,Jessica Sharp
Elizabeth Richard,103,1993-11-20,571411575988,Roberto Walsh
Mary Johnson,103,1996-06-25,4470126843169411892,Crystal Crawford
Karen Schmidt,102,2024-02-20,3548337529905845,Anna Wallace
Dana Cabrera,102,2012-04-27,3594678307848415,David Garza
Ryan Barnes,103,1973-07-19,4444395986801,Matthew Johnson
Jesse Nguyen,103,1977-06-04,373374893842524,Amanda Stewart
Cody Davis,101,1995-09-19,4367279899891,Michael Banks
Stephen Quinn,101,1970-07-21,675929095841,Kristin Brown
Heidi Rodriguez,104,1978-01-30,3555151723277376,Michael Marks
Judy Perez,101,2023-03-03,2270100757366460,Patrick Benson
Michele Montgomery,101,2006-01-15,576826349697,Shane Fuller
Elaine Wolfe,101,2011-11-17,639011309197,Alice Hernandez
Vicki Johnson,102,1979-11-11,6507294367870700,John Hernandez
Gwendolyn Cruz,106,2015-07-17,3508057734075550,Deborah Contreras
Jose Hampton,102,2021-09-01,4197372190403582,Charles Holland
Roy Lynch,103,1985-05-28,582483528433,Christopher Gomez
Jill Vaughan,102,1999-12-28,5158199217336790,Christopher Lindsey
Larry Gilbert,103,1988-02-06,6011748828251130,Tara Humphrey
Matthew Barton,106,1997-10-21,4498189911764969,Kari Freeman
Deborah Howard,104,1992-07-12,4204258975249577491,Eric Jones
Michelle Chung,104,1997-10-12,3561482687440318,Joseph Cruz
Julie Bryant,103,1970-01-14,6590365778080093,Christian Alvarado
Melissa Medina,103,1997-12-28,6011680875638200,Andrew Colon
Eugene Crawford,103,1988-07-24,2296720815005980,Melissa Matthews
Gary Brown,106,1988-12-12,6011792259602387,Sonya Rodriguez
Drew Davila,101,2017-05-29,180076073265896,Richard Silva
Richard Huff,106,1979-06-05,4114305970332852,Patricia Hamilton
Travis Rhodes,101,1985-05-21,213142343623859,Larry Horton
Mr. Eric Perez,103,1990-10-25,4869124019393,Anne Thompson
Tamara Boyd,102,2013-09-27,3521465454809103,Chelsea Estrada
Hannah Spencer,106,1993-08-04,3530858361764115,Robert Durham
Chelsea Perez,101,1981-06-17,2277708936513787,Jasmine Hardy
Steven Hernandez,102,1975-03-28,6569424821919901,Gregory Snyder
William Pruitt,106,2007-04-15,4020160083473678,Nicole Walker
Christopher Smith,102,2006-02-17,4441355267636,Scott Stanley
Dale Sparks,101,1973-08-23,30470904551677,Michael Hill
Jason Bradley,104,1993-01-18,3518978212715656,Rachel Nunez
Kristin Jackson,101,2016-11-13,3580857171663615,Jessica Hall
Joan Berger MD,102,1986-06-17,4791331590018,Diane Thompson
Roger Sheppard,103,1988-01-24,3598192271920669,Ann Brown
Mary Guerrero,106,2021-06-11,348018327748938,Shelley Williams
Bryan Duke,103,1994-01-01,372041060532722,Anita Valdez
Brian Torres,102,1993-12-07,675907201361,Christopher Miller
Claudia Smith,106,1981-10-15,4907162777793187,Leslie Craig
William Barrett,106,1971-10-08,4006099789372123,Gary Collier
Omar Hensley,103,2022-05-30,2377655692811948,Bradley Mathis
Amber Wolf,104,2022-08-23,4940066285209,Jason Williams
Darryl Perez,102,2003-01-06,36506871194910,Ashley Villanueva
Tyler Paul,102,2002-10-13,4014758977383388,Lisa Nelson
Suzanne Woods,106,1993-07-25,4281779696011312,Regina Bailey
Jerry Bailey,103,2014-11-03,4891640187135747821,Clinton Hall
Allison Saunders,106,1984-04-08,4510981250792,Valerie Richardson
Richard Santos,102,2016-04-20,4027891927586191,William Collier
Jonathan Williams,106,1981-09-16,30114740400950,Kimberly Strong
Eric Adams,101,2018-08-05,4998227847994,Katherine Brown
Kelly Randolph,103,1979-10-17,4546875399212391672,Denise Osborne
Jill Stokes,106,1972-12-06,213175273795966,Jonathan George
Donald Brown,102,2005-07-13,3580898700131112,Christopher Grant
Jodi Potter,104,2006-08-06,675966595968,Mary Nguyen
Lisa Villanueva,104,2018-07-23,6011663082006643,Angel Smith
Karen Davis DDS,106,2022-08-11,3568470041786461,Beth Bates
Daniel Nelson,106,1978-11-25,6525138165534869,Sabrina Meza
Joyce Martin,101,1974-11-07,4318331689464715,Michael Terrell
Jennifer Williams,101,1973-08-27,4863808032300646,Spencer Kennedy
Austin Woods,102,1982-04-06,4012493296322,Lauren Klein
Tracy Moore,101,1983-03-12,38289283394240,Lori Brown
Aaron Foley,106,1994-02-21,2237805411121208,Jasmine Chapman
Juan Torres,101,1973-05-21,4450220097540,William Snyder
Kristin Ward,104,2004-10-06,6593417994130546,Steven Palmer
Patrick Lee,103,2020-11-21,4775923175189,David Buckley
Melissa Mccoy,102,1977-06-27,4197850879529,Leslie Ballard
Jacob White DVM,106,2015-08-23,3515304185748330,Maureen Carr
Debra Dorsey,106,2004-10-03,213133673980373,Sheila Alvarez
Maria Ruiz,101,2011-05-19,213198194058959,Devon Marshall
Jennifer Cox,102,1979-04-24,344378334780603,Emily Rodriguez
Larry Myers,104,2005-09-20,4213450767202,Heather White
James Hood,106,1979-03-08,4447658114745704,Zachary Lopez
Michelle Perry,102,2014-05-23,4974610137323309,Steven Evans
Jessica Holt,101,2010-05-15,30449152361393,Kyle Hernandez
Bradley Harding,102,1985-05-01,6560902201100084,Joseph Hunt
Casey Evans,106,1978-07-29,30375805804986,Carl Powell
Phillip Hood,104,1984-01-30,180036762423123,Michael Brown
Timothy Anderson,103,1986-09-26,4922749385646673,Richard Mercer
Ryan Rodriguez,104,1991-11-24,4255111489627,Alyssa Morrison
Mary Garcia,102,1993-09-14,30554276294782,Alec Hull
Debra Tate,106,2010-09-25,4928773653827,Cory Kent
Adam Myers,103,1973-07-03,372649513547798,Erica Hayes
Mary Yu,102,2010-12-26,3567582170896092,Jennifer Rios
Joseph Nelson,101,2005-07-22,4254717209315,Cynthia White
Ashley Williams,103,2012-06-06,4362999856362840,Cole Hanson
Douglas Kirk,101,1985-08-21,3519525685513701,Lindsey Sanchez
Brian Mclean,104,1976-11-09,4878699393620,Anthony Burns
Jennifer Donovan,106,1972-11-21,4063866354178568,William Woods
Paul Stone,102,1976-02-27,3536723202469064,Shelly Knox
Samuel Howard PhD,106,1973-04-17,348708979171708,Alyssa Pitts
Mrs. Wanda Garcia,101,2012-10-28,4374831158809580,Tara Brown
Julia Henry,103,1976-07-09,373783928788462,Danielle Bruce
Larry Contreras,102,2003-05-21,6529482026000819,Ryan Johnson
Madison Woods,102,2022-03-14,2717597804441413,Heather Lewis
Becky Murphy,106,1992-05-22,30070605823548,Lonnie Dickerson
Ms. Gina Roberts,104,2015-08-22,3583054754469019,Barry Anthony
Katelyn Becker,101,2013-03-08,3596942629954931,Nathan Callahan
Ashley Hawkins,103,2023-01-04,36039113965350,Chloe Hardin
Matthew Ortega,106,2021-12-12,38027514496339,Jerry Hanna
Amanda Vasquez,101,1999-10-28,213160876297446,Joan Larson
Javier Hart,104,2005-08-13,213153288392418,Mrs. Rachel Cline
Edward Scott,104,1975-06-26,4528534791422428289,Stephanie Reynolds
Susan Davis,101,2024-07-31,6011462413836806,Joe Larsen
Michelle Sanchez,106,2004-04-26,371749941549076,Brian Craig
Kendra Martin,102,2022-02-22,3573134192365797,David Castillo
Bill Harris,106,1999-02-12,3592017707051720,Kelly Richards
Mark Morris,102,1981-12-02,4474000744360,Brianna Dean
Kim Brown DDS,103,1980-10-05,30240110499189,Jeffrey Hudson
Diane Dawson,104,1998-11-22,180084160435877,Lindsey Webb
Chloe Oconnor,102,1975-02-05,630419839380,Renee Houston
Victoria Stewart,106,2021-10-08,379572545662596,John Woodard
Jennifer Brooks,101,1974-12-02,4709531274295307814,David Johns
Caroline Hall DVM,102,1997-06-03,180097991833276,Edward Sherman
Robert Taylor,106,1983-03-07,3517878820406360,Selena Salinas
Amanda Miller,106,1978-07-30,340784011405659,John Brown Jr.
Kevin Sparks,104,1983-11-22,4388463894530,Susan Rodriguez
Priscilla Neal,106,1988-08-25,676303976473,Nicole Carpenter
Ms. Rebecca Johnson,104,2008-11-24,375741460293125,Richard Garcia
Karen Holden,103,1986-05-05,30333185114476,Raymond Davis
Tina Sheppard,103,1978-06-25,3519636013310932,Kathryn White
Margaret Shannon,106,1993-05-17,4314716611042,Savannah Cooke
Daniel Gilmore,106,2005-12-16,4546109933575716,Jennifer Hall
Jonathan Owens,102,1987-09-21,4429975802445,Sierra Barton
Robert Lewis,102,1991-12-04,38274911410907,Tony Rosales
Robert Fox,101,2019-07-10,4861112008106836,Joseph Chavez
Brett Smith,106,1979-01-01,180011921196209,Gregory Payne
Chelsey Fields,101,2023-12-10,30595853262239,John Oneill
Michael Ramsey,101,2023-10-25,4411492127625668992,Robin Jones
Alicia Jones,102,1982-07-21,2720875156105298,Joseph Duran
Sarah Reed,102,1983-09-23,5379747137868343,Lori Kennedy
Cathy Burns,106,1997-08-07,30107361258277,Eric Aguilar
Kerry Blair,101,1994-05-31,2290313379013677,Jennifer Daniels
Curtis Thompson,103,1987-05-18,501874488338,Victoria Johnston
Tom Goodwin,103,1976-12-19,639080250181,Brandon Finley
Jeremy Smith,106,2009-03-12,3556825924132063,Annette Nguyen
April Thomas,104,1972-09-08,4362128890010053842,James Robertson
David Lindsey,101,2003-05-12,3589584687351342,Charles Parks
Mathew Higgins,106,2000-09-19,6561780154595206,Troy Webster
Sandra King,106,1986-12-12,4075820171309166358,Elizabeth Smith
Abigail Nelson,102,1993-06-21,4624679084171,Laura Lane
Autumn Evans,103,2009-02-06,4039026660104367,Lisa Juarez
Jeremy Hendrix,101,2020-01-07,180077626635981,Jennifer Lee
James Johnson,106,2015-11-09,2628516128641621,Samantha Jones
Sarah Harris,103,1995-05-03,2401852795079446,Yvette Patterson
Jessica Williams,104,2001-04-05,345345124321186,Raymond White
Justin French,103,1974-07-09,3541657735314228,Jeffery Sanders
Mrs. Ashley Johnson,103,2014-08-16,4271923288943142,Mark Davis
Michael Chambers,103,2023-09-30,60483478370,Juan Mccoy
Lisa Shea,101,2010-10-28,2713744651074723,Kelly Perkins
Deborah Allen,104,1979-04-29,30308860690701,Beth Chavez
Arthur Reed,103,1978-08-01,4637640965781,Tina Berry
Sharon Miller,102,2006-03-22,3526485313185540,Taylor Christensen
Martha Smith,101,1975-03-28,2720883421400155,Nicholas Nunez
Kathleen Hoover,106,2021-03-03,180099776190575,Yvonne Clark
Angela Mitchell,101,1971-06-16,4682985590963994074,Mitchell Ramirez
Gabriella Flores,101,2023-09-22,30025531585215,John Harvey
Angela Mcdowell,106,2012-12-23,6011641061757998,Kimberly Wheeler
Joseph Long,101,1971-03-12,4463075435269,Alexander Washington
Anthony Gregory,101,2020-12-26,3524029419091707,Amber Hamilton
Donna Holloway,104,1991-04-07,6561824856526893,Joseph Fowler
Lindsey Hughes,101,1977-05-08,3522846063156417,Jennifer Davis
Lisa Flynn,104,1993-12-18,180098734977818,Meghan Brown
Amber Carter,102,2004-10-05,2622934643482361,Donald Turner
David Kelley,102,1978-01-04,4084075137646,Thomas Thompson Jr.
Patrick Hawkins,101,1993-09-16,30333479121468,Rhonda Bird
Luke Sandoval,106,2008-09-03,2254293216137059,Joseph Peterson
Jonathan Jackson,102,2019-08-10,213117783484723,David Graves
David Rasmussen,102,2009-09-29,501803680658,Brittany Douglas
Joel Scott,101,1983-03-21,2265655251983570,Evan Boyer
Michael Costa,104,2022-12-02,30498317674521,Lindsey Lopez
Randall Vargas MD,106,2001-05-25,30443005204454,Jessica Cummings
Chad Lopez,103,1986-02-21,6556582823747482,Samantha Young
Nicholas Martin,102,2020-09-24,4474080036034,Kimberly Mcbride
Tyler Peterson,101,1990-08-31,4204800290782613,Marissa Russell
Melissa Scott,106,2011-11-08,4564756055840421177,Timothy Nguyen
Christine Ballard,102,1999-03-10,4968496550069962594,Sierra Salazar
Donna Ingram,106,2012-05-29,4050053597130655105,William Lamb
John Wong,103,2022-09-01,378075336710922,Joel Rhodes
Samantha Smith,103,1993-03-17,2287095221276884,Brittany Jackson
Wanda Walker,106,2002-06-23,3551120688862260,Paul Clark
Mark Johnson,106,2007-04-30,4094547943669065310,Kristine Lewis
Dana Gibson,102,1992-07-16,213144761330074,Lisa Garrett
Brian Cortez,103,1976-01-23,4271718985131,Donna Santos
Grant Thomas,104,2003-04-27,4881718210872258,Luis Hicks
Julia Green,101,2003-09-21,4241193552672,Amy Wolf
Felicia Anderson,106,1975-06-22,4945045829047161,William Garcia
Rebecca Salazar,101,1989-02-07,4040534827670680,Shane Brandt
Steven Hess,102,1997-05-28,6011929584419091,Tracy Martinez
Michelle Ibarra,106,1983-04-29,4114960221452609436,Travis Mills
Tristan Hawkins,104,1972-06-16,5333004112767586,William Curry
James Cross,104,2008-01-02,4380802875204910,Laura Hernandez
Kathryn Carlson,106,2001-08-06,379528767941258,Karen Baker
Matthew Graham,102,1977-08-21,4481201850839,Barbara Rodriguez
Daniel Taylor,104,1991-08-03,4674933127688474726,Michael Villa
Kenneth Hines,106,1999-01-16,4002295463469425,Allison Mercado
Matthew Patterson,101,2002-08-23,30161882289410,Timothy Ball
Stephen Cisneros,104,1982-04-24,3530262725931280,Jose Freeman
Matthew Smith,101,2022-07-12,4130353713620919318,April Dillon
Grant Austin,106,1994-12-22,4869252704893790,Brian Stephens
Catherine Brooks,103,1974-08-19,3564602516352619,Carol Clarke
Henry Brown DDS,104,2001-12-14,3514785751474197,Matthew Weber
Renee Davis,102,1978-04-03,3501181343948085,Lindsey Ellison
Katie Anderson,104,2002-02-09,4544363479896414,Dominic Miles
Marcus Larsen,102,1975-08-25,6519464935620723,James Stout
Jessica Nguyen,104,2019-06-30,30041757245863,Eric Johnson
Dawn Jones,102,2017-08-22,376420284228380,Aaron Gill
Jason Martinez,103,1986-03-12,4865033664634,Kimberly Johnson
Karen Moore,103,2023-10-14,3526731919093699,Jennifer Shaw
Kyle Roberts,106,2021-01-16,3575595788880084,Gail Martin
Andrew Pena,101,1989-03-03,4410161742390053,Daniel Webb
Ricardo Shelton,106,1991-01-20,349856589945950,Michael Knight
Dawn Fields,106,2021-06-24,4935885605839162,Eric Ray
John Black,101,2022-01-01,4295084747125566742,Michael Hall
Joshua Green,104,1981-12-23,378205785205484,Katherine Franklin
Luke Boone,106,1993-05-20,630465903445,Mary Singh MD
Chad Hubbard,103,2001-05-24,6508454980489770,John Robles
Evelyn Moore,103,2004-09-17,371391602966677,Bryan Mason
Michael Love,104,2004-03-15,6011484387350382,Shane Hill
Melanie Mcclure,104,2004-05-26,3568526164888135,Richard Le
Nicholas Bryant,104,2023-02-09,36235906718085,Jonathan Gordon
Shirley Miles,106,1984-08-27,30362157811710,Michael Collins
Jason Reed,102,2002-10-23,4474452974974653,Michael Thomas
Albert Moody,101,2023-04-12,345498907553457,Diana Ramos
Laura Gill,101,2024-03-07,4375839975136193,Carlos Martinez
Bryan Hamilton,106,1991-09-09,372435673976609,Erica Cook
Donald Anderson,102,2006-03-04,4310222359994584275,Teresa Adams
Dr. Emily Cooper,101,1992-10-06,3585401542633216,Rebecca Moody
Arthur Schultz,101,1987-11-13,373895951826819,Jessica Garcia
Jessica Casey,106,1998-02-10,30488856802633,Sean Barnes
Andrew Savage,102,1972-10-21,6583298803277427,Joseph Cummings
Carolyn Long,101,2000-08-02,4057276084246875,James Mcgee
Regina Simpson,101,2002-07-26,4917178037714091328,Catherine Benitez
Susan Barker DDS,103,2020-04-03,4211041880892451,Darlene Rhodes
Elizabeth Fischer,101,2022-03-27,4949721301038564880,Cindy Landry
Margaret Long,101,1991-08-19,30384006026928,Robert Rosario
Savannah Walker,104,2004-10-17,6011072836716228,Nicole Malone
Luis Williams,101,1985-12-10,374070922421459,Andrew Bishop
Derrick Flynn,102,1973-03-05,180018500786243,Brian Estrada
Suzanne Fitzgerald,106,1988-04-10,2569792281410523,Phyllis Hughes
Sarah Clark DVM,103,2023-03-29,6011988758661383,James Hayes
Ashley Gaines,106,1990-02-25,501870624084,Heather West
Cassandra Murray,102,1987-02-10,4149109948694860082,Angela Hubbard
Elizabeth Levine,101,2003-06-05,3509693546390602,Tabitha Whitaker
Elizabeth Diaz,104,2010-10-27,501878120622,Darren Johnson
Taylor Reilly,106,2005-01-19,6011490790023888,Tonya Hall
Michele Huffman,103,2015-05-07,6591211028707375,Dawn Conner
Paul Paul,103,1991-05-24,30197593225079,Mary Mitchell
William Fowler,102,2022-09-17,4027884984495901,Ann Mckinney
Paul Williams,102,1975-08-23,3575218982376342,Marilyn Estes
Ronald Ramos,103,2014-07-14,370659755656456,Antonio Sims
Brian Ortega,104,1973-03-12,4647941802781,Jason Long
Carlos Smith,102,2020-06-23,4845245107291,Andrew Cowan
Debbie Jackson,101,2009-04-01,4218135437771151,Catherine Mason
Morgan Francis,102,2019-03-04,2238841637628188,Heather Perkins
Megan Murphy,102,2005-05-15,4458126701065,Tony Torres
Jacqueline Bates,106,1982-12-20,38963442574039,Jackson Leblanc
Kevin Bradley,104,1977-05-12,4429320972910035,David Long
Rachel Mendoza,102,1997-04-10,38812295544757,Paul Taylor
Kayla Guerrero,106,1992-03-11,4880791394202610425,Lindsey Thompson
Kimberly Norris,104,2023-08-17,3518799273726212,Brandon Ellis
Timothy Peterson,106,1988-06-29,213167504973751,Colleen Hamilton
Shannon Gates,102,2005-03-28,342456685117401,Mary Peters
Derrick Adkins,101,1985-06-04,4595046639159444211,Marcus Lynn
Dennis Smith,106,1978-02-06,349149799793067,Brandon Dennis
Lauren Macias,101,1972-04-18,3519396761320209,Joseph Pratt
Jose Day,102,2007-09-07,3553650127784095,Calvin Bartlett
Cheryl Hatfield,101,1994-08-06,4407003365196873282,Mrs. Leslie Baker
Whitney Mccoy,103,2016-09-22,3512405901306718,Katherine Anderson
Victoria Martin,106,1994-05-28,6011932551796970,Pamela Forbes
Kimberly Ford,103,1986-11-24,213119504294464,Joel Peters
Christopher Murphy,104,2011-05-13,38061694095264,Stephanie Jones
Peggy Wright,106,1970-07-06,4929875525505785,Mark Parker
William Gonzalez,102,1978-10-05,4009014535579548,Cheryl Cox
Teresa Mcdonald,101,2002-01-21,4263555957042,Larry Norton
Lisa Lloyd,104,1997-08-13,4662461429353712,Matthew Ramirez
Chelsey Rice,106,1976-08-12,30357814718522,Gerald Moyer
Anthony Hamilton,101,1999-07-15,3500150276302835,Bruce Orozco
Stephanie Henderson,104,1990-05-04,6521522624093928,Evan Pena
Nicholas Stevens,106,1993-04-05,5547166621178621,Christina Ramirez
Jeffrey Perez,102,2009-10-14,4135375355946456,Raymond Phillips
Angela Martinez,101,1980-11-22,6519511720903845,Mary Mcintosh
Rebecca Stewart,104,1986-03-03,4423113170562278,Tyler Wyatt
Maxwell Shaffer,101,1976-09-02,676247258509,Jennifer Mitchell
Rebecca Gonzalez,103,1996-02-07,30472915644061,Michael Porter
John Anderson,106,2023-09-28,6503777860123159,Angela Burns
Natasha Warner,104,2022-11-09,3570257834183865,Amanda Wyatt
Andrea Burns,103,1979-06-06,4895000811022623,Kim Cervantes
Melissa Villa,102,2010-11-24,6011251993335267,Sierra Shaw
David Horn,103,2011-06-18,4311858556167879,Molly Obrien
Alyssa Quinn,106,1980-12-18,6528455303585968,Peter Andrews
Fernando Cross,103,2015-02-10,6516810921826596,Maurice Santos
John Miller,102,2011-03-20,379573163199937,Jessica Lewis
Crystal Davis,102,1985-05-05,4632035188602,Terri Goodman
Don Franklin,104,2024-03-15,4678796166816,Christopher Sullivan
Kaylee Rodriguez,104,2019-01-20,3500507990278023,Kayla Stewart
Thomas Mccoy,101,1999-07-02,3598632969011438,Alyssa Berry
Amanda Williams,103,1989-03-01,180076125020604,Allison Jackson
Laura Warner,103,2017-04-12,5179593422692820,Tom Caldwell
Brian Barker,104,2012-07-10,4979059663078421,Karen Morris
Jay Ayers,102,2021-03-08,3544287456215607,Michael Brooks
Susan Butler,103,2017-02-15,3554456650371261,Jennifer Mercado DVM
Corey Romero,101,2017-01-09,213182083735992,Bruce Vaughan
Brittany Lewis,104,2011-09-05,639030145853,Joshua Barrett
Catherine Beasley,106,2014-11-02,180022857592733,Patrick Powell
Valerie Jordan,106,2022-03-23,3537401771703192,Nicholas Lindsey
Jennifer Khan,103,1974-11-07,3561773630260401,Jeremy Baker
Colleen Camacho,102,2020-12-03,5426508261147125,Michael Clark
Raymond Perez,102,1978-06-06,3537898820086315,Jeffrey Carpenter
Colleen Perkins,101,2013-12-12,36489448123391,Julie Castillo
Christina Morgan,106,2016-03-28,371117165195457,Crystal Mckinney
Kristin Greene,103,1992-11-30,4364931685487,Laura Fry
David Barber,101,2008-03-25,6551588786348189,Mary Barnett
James Gregory,106,1974-08-07,36840300561732,Brittany Steele
Timothy Salinas,103,2017-06-01,30070862242234,Valerie Lawson
Stephanie Moore,106,2003-04-12,570423164377,William Lee
Johnny Ross,106,2018-12-20,675965943532,Mallory Stephens
Karen Marks,101,1972-11-05,4101736707176508,Wendy Richardson
Joseph Avila,101,2005-12-11,4412990260065667300,Michelle Gonzales
Carl Smith,102,1989-09-27,3524659875240842,Renee Tucker
Jennifer Joseph,102,2020-10-16,4940699708668,Gregory Jones
Dakota Dean,106,2015-07-22,5216367877603029,James Snyder
Sandra Wilson,103,2015-03-30,3509757740646646,Julie Perry
Tyler Martinez,103,1982-09-15,4028446884663781579,Carol Brown
Micheal Bradley,104,2010-02-13,6570673267411586,Sandra Wright
Nathan Rodriguez,103,1976-07-28,4997581849257,Samuel Brown
Samuel Hicks,103,2010-02-07,6011259604830758,Brooke Tran
Robert Gutierrez,102,2019-06-07,6011827944605062,Mary Rivera
Amy Moore,101,2002-12-03,348498328890956,Erik Taylor
Christine Fuller,101,1985-06-27,4061074322874,Christopher Mullen
Jennifer Ruiz,101,2015-12-20,6569299146257504,Sierra Rivera
Dr. Diana Watkins,102,2006-04-23,371916347266312,Nancy Clark
Shane Carrillo,101,2003-09-28,30284502333556,Katherine Coleman
Daniel Ward,106,2001-11-17,4383433439268,Brenda Moore
Stephanie King,104,2013-08-18,3560075296126202,Sheila Williams
Mr. Shane Horton MD,102,1994-05-04,4512656162455036,Christopher Smith
Alexander Mills,101,2014-06-03,4431802309717957,Jeremy Fisher
Leroy Mcdonald,104,2014-01-10,4610876445029579,Elizabeth Norman
Linda Silva,103,1992-03-03,4548318015880500,Karen Hernandez
Bryan Vargas,104,2016-06-18,4357330266640040877,Casey Lara
Brian Cox,106,2012-01-15,4004247207620738,Ann Cortez
Tina Johnson,104,1984-01-10,180080666376805,Patricia Jackson
Michaela Swanson,102,2024-07-16,6560993344109090,Anthony Rogers
Lawrence Peterson,106,1973-12-25,3523700401574980,Adam Moore
Kevin Thompson,101,1983-12-28,30428099800507,Kayla Carter
Brittany Mathis,102,1974-06-09,3555154165311513,Ryan Brown
Geoffrey Fernandez,101,1978-08-31,5359125771312866,Jasmin Olson
Jose Pham,101,2016-07-14,4890339251845,Tina Bradley
Diana Wood,106,2012-07-28,373284539864966,Christopher Robinson
Diana Rodriguez,106,2013-02-10,4814158143300246,Jessica Holmes
Troy Arnold,101,1997-09-10,30025235818136,Katelyn Peterson
Daniel Wilson,101,1972-06-05,2291255442302208,Thomas Wade
Anthony Christensen,103,1985-05-02,180078414028488,Adam Harvey
Rebecca Lopez,104,1973-05-06,4039004785113,Regina Jones
Jennifer Barron,102,1990-08-13,502079631482,Shirley Arellano
Stacy Huang,102,1999-11-16,376191821703389,Caitlin Daniel DDS
Patricia Munoz,106,2002-01-04,2717349270203731,Samantha Smith
